source_country_iso3,source_country_name,market_segment,period,horizon,actual_arrivals,predicted_arrivals,fold_origin,split_type
AUS,Australia,Non-ASEAN,2023-04-01,1,28098.0,23950.0,2023-03-01,backtest_out_of_sample
AUS,Australia,Non-ASEAN,2023-05-01,2,21876.0,24708.0,2023-03-01,backtest_out_of_sample
AUS,Australia,Non-ASEAN,2023-06-01,3,22509.0,27565.0,2023-03-01,backtest_out_of_sample
AUS,Australia,Non-ASEAN,2023-07-01,4,32295.0,26660.0,2023-03-01,backtest_out_of_sample
BGD,Bangladesh,Non-ASEAN,2023-04-01,1,11718.0,20387.0,2023-03-01,backtest_out_of_sample
BGD,Bangladesh,Non-ASEAN,2023-05-01,2,11162.0,20352.0,2023-03-01,backtest_out_of_sample
BGD,Bangladesh,Non-ASEAN,2023-06-01,3,11630.0,21232.0,2023-03-01,backtest_out_of_sample
BGD,Bangladesh,Non-ASEAN,2023-07-01,4,10475.0,22133.0,2023-03-01,backtest_out_of_sample
BRN,Brunei,ASEAN,2023-04-01,1,91339.0,61732.0,2023-03-01,backtest_out_of_sample
BRN,Brunei,ASEAN,2023-05-01,2,63136.0,66574.0,2023-03-01,backtest_out_of_sample
BRN,Brunei,ASEAN,2023-06-01,3,51309.0,69647.0,2023-03-01,backtest_out_of_sample
BRN,Brunei,ASEAN,2023-07-01,4,54620.0,73461.0,2023-03-01,backtest_out_of_sample
CHN,China,Non-ASEAN,2023-04-01,1,109760.0,73504.0,2023-03-01,backtest_out_of_sample
CHN,China,Non-ASEAN,2023-05-01,2,115211.0,72866.0,2023-03-01,backtest_out_of_sample
CHN,China,Non-ASEAN,2023-06-01,3,95419.0,80819.0,2023-03-01,backtest_out_of_sample
CHN,China,Non-ASEAN,2023-07-01,4,193025.0,79684.0,2023-03-01,backtest_out_of_sample
DEU,Germany,Non-ASEAN,2023-04-01,1,9249.0,12909.0,2023-03-01,backtest_out_of_sample
DEU,Germany,Non-ASEAN,2023-05-01,2,9998.0,12874.0,2023-03-01,backtest_out_of_sample
DEU,Germany,Non-ASEAN,2023-06-01,3,6272.0,15923.0,2023-03-01,backtest_out_of_sample
DEU,Germany,Non-ASEAN,2023-07-01,4,10286.0,14655.0,2023-03-01,backtest_out_of_sample
FRA,France,Non-ASEAN,2023-04-01,1,8668.0,11958.0,2023-03-01,backtest_out_of_sample
FRA,France,Non-ASEAN,2023-05-01,2,8629.0,12184.0,2023-03-01,backtest_out_of_sample
FRA,France,Non-ASEAN,2023-06-01,3,6911.0,16012.0,2023-03-01,backtest_out_of_sample
FRA,France,Non-ASEAN,2023-07-01,4,16009.0,13964.0,2023-03-01,backtest_out_of_sample
GBR,United Kingdom,Non-ASEAN,2023-04-01,1,23338.0,24100.0,2023-03-01,backtest_out_of_sample
GBR,United Kingdom,Non-ASEAN,2023-05-01,2,19276.0,24961.0,2023-03-01,backtest_out_of_sample
GBR,United Kingdom,Non-ASEAN,2023-06-01,3,16226.0,27819.0,2023-03-01,backtest_out_of_sample
GBR,United Kingdom,Non-ASEAN,2023-07-01,4,28328.0,28977.0,2023-03-01,backtest_out_of_sample
IDN,Indonesia,ASEAN,2023-04-01,1,247393.0,254966.0,2023-03-01,backtest_out_of_sample
IDN,Indonesia,ASEAN,2023-05-01,2,262585.0,267028.0,2023-03-01,backtest_out_of_sample
IDN,Indonesia,ASEAN,2023-06-01,3,236810.0,288372.0,2023-03-01,backtest_out_of_sample
IDN,Indonesia,ASEAN,2023-07-01,4,279947.0,279431.0,2023-03-01,backtest_out_of_sample
IND,India,Non-ASEAN,2023-04-01,1,53683.0,42098.0,2023-03-01,backtest_out_of_sample
IND,India,Non-ASEAN,2023-05-01,2,66299.0,45667.0,2023-03-01,backtest_out_of_sample
IND,India,Non-ASEAN,2023-06-01,3,53020.0,46782.0,2023-03-01,backtest_out_of_sample
IND,India,Non-ASEAN,2023-07-01,4,54545.0,46069.0,2023-03-01,backtest_out_of_sample
JPN,Japan,Non-ASEAN,2023-04-01,1,14420.0,22142.0,2023-03-01,backtest_out_of_sample
JPN,Japan,Non-ASEAN,2023-05-01,2,15690.0,22107.0,2023-03-01,backtest_out_of_sample
JPN,Japan,Non-ASEAN,2023-06-01,3,11916.0,25157.0,2023-03-01,backtest_out_of_sample
JPN,Japan,Non-ASEAN,2023-07-01,4,21226.0,23798.0,2023-03-01,backtest_out_of_sample
KOR,South Korea,Non-ASEAN,2023-04-01,1,24677.0,34788.0,2023-03-01,backtest_out_of_sample
KOR,South Korea,Non-ASEAN,2023-05-01,2,27298.0,34268.0,2023-03-01,backtest_out_of_sample
KOR,South Korea,Non-ASEAN,2023-06-01,3,18208.0,38275.0,2023-03-01,backtest_out_of_sample
KOR,South Korea,Non-ASEAN,2023-07-01,4,36610.0,40131.0,2023-03-01,backtest_out_of_sample
MMR,Myanmar,ASEAN,2023-04-01,1,6152.0,4100.0,2023-03-01,backtest_out_of_sample
MMR,Myanmar,ASEAN,2023-05-01,2,6284.0,3967.0,2023-03-01,backtest_out_of_sample
MMR,Myanmar,ASEAN,2023-06-01,3,7386.0,7715.0,2023-03-01,backtest_out_of_sample
MMR,Myanmar,ASEAN,2023-07-01,4,6810.0,5748.0,2023-03-01,backtest_out_of_sample
NPL,Nepal,Non-ASEAN,2023-04-01,1,1227.0,1917.0,2023-03-01,backtest_out_of_sample
NPL,Nepal,Non-ASEAN,2023-05-01,2,1211.0,1785.0,2023-03-01,backtest_out_of_sample
NPL,Nepal,Non-ASEAN,2023-06-01,3,1589.0,5532.0,2023-03-01,backtest_out_of_sample
NPL,Nepal,Non-ASEAN,2023-07-01,4,1534.0,3566.0,2023-03-01,backtest_out_of_sample
PAK,Pakistan,Non-ASEAN,2023-04-01,1,9667.0,11305.0,2023-03-01,backtest_out_of_sample
PAK,Pakistan,Non-ASEAN,2023-05-01,2,9080.0,11131.0,2023-03-01,backtest_out_of_sample
PAK,Pakistan,Non-ASEAN,2023-06-01,3,7637.0,11636.0,2023-03-01,backtest_out_of_sample
PAK,Pakistan,Non-ASEAN,2023-07-01,4,7927.0,12343.0,2023-03-01,backtest_out_of_sample
PHL,Philippines,ASEAN,2023-04-01,1,25601.0,24251.0,2023-03-01,backtest_out_of_sample
PHL,Philippines,ASEAN,2023-05-01,2,24628.0,25009.0,2023-03-01,backtest_out_of_sample
PHL,Philippines,ASEAN,2023-06-01,3,25049.0,30992.0,2023-03-01,backtest_out_of_sample
PHL,Philippines,ASEAN,2023-07-01,4,34949.0,29025.0,2023-03-01,backtest_out_of_sample
SGP,Singapore,ASEAN,2023-04-01,1,601999.0,593849.0,2023-03-01,backtest_out_of_sample
SGP,Singapore,ASEAN,2023-05-01,2,588741.0,628487.0,2023-03-01,backtest_out_of_sample
SGP,Singapore,ASEAN,2023-06-01,3,862719.0,730366.0,2023-03-01,backtest_out_of_sample
SGP,Singapore,ASEAN,2023-07-01,4,656466.0,698973.0,2023-03-01,backtest_out_of_sample
THA,Thailand,ASEAN,2023-04-01,1,130751.0,168690.0,2023-03-01,backtest_out_of_sample
THA,Thailand,ASEAN,2023-05-01,2,149294.0,172010.0,2023-03-01,backtest_out_of_sample
THA,Thailand,ASEAN,2023-06-01,3,99381.0,177286.0,2023-03-01,backtest_out_of_sample
THA,Thailand,ASEAN,2023-07-01,4,144456.0,179092.0,2023-03-01,backtest_out_of_sample
TWN,Taiwan,Non-ASEAN,2023-04-01,1,20213.0,19566.0,2023-03-01,backtest_out_of_sample
TWN,Taiwan,Non-ASEAN,2023-05-01,2,21174.0,20366.0,2023-03-01,backtest_out_of_sample
TWN,Taiwan,Non-ASEAN,2023-06-01,3,25671.0,24195.0,2023-03-01,backtest_out_of_sample
TWN,Taiwan,Non-ASEAN,2023-07-01,4,35115.0,22147.0,2023-03-01,backtest_out_of_sample
USA,United States,Non-ASEAN,2023-04-01,1,15635.0,22094.0,2023-03-01,backtest_out_of_sample
USA,United States,Non-ASEAN,2023-05-01,2,16812.0,22059.0,2023-03-01,backtest_out_of_sample
USA,United States,Non-ASEAN,2023-06-01,3,17965.0,25718.0,2023-03-01,backtest_out_of_sample
USA,United States,Non-ASEAN,2023-07-01,4,23846.0,26965.0,2023-03-01,backtest_out_of_sample
VNM,Vietnam,ASEAN,2023-04-01,1,25959.0,33245.0,2023-03-01,backtest_out_of_sample
VNM,Vietnam,ASEAN,2023-05-01,2,32905.0,36143.0,2023-03-01,backtest_out_of_sample
VNM,Vietnam,ASEAN,2023-06-01,3,30751.0,42207.0,2023-03-01,backtest_out_of_sample
VNM,Vietnam,ASEAN,2023-07-01,4,44187.0,40158.0,2023-03-01,backtest_out_of_sample
AUS,Australia,Non-ASEAN,2023-10-01,1,27520.0,32692.0,2023-09-01,backtest_out_of_sample
AUS,Australia,Non-ASEAN,2023-11-01,2,29652.0,24948.0,2023-09-01,backtest_out_of_sample
AUS,Australia,Non-ASEAN,2023-12-01,3,47279.0,24159.0,2023-09-01,backtest_out_of_sample
AUS,Australia,Non-ASEAN,2024-01-01,4,41002.0,30599.0,2023-09-01,backtest_out_of_sample
BGD,Bangladesh,Non-ASEAN,2023-10-01,1,9428.0,11135.0,2023-09-01,backtest_out_of_sample
BGD,Bangladesh,Non-ASEAN,2023-11-01,2,8336.0,6757.0,2023-09-01,backtest_out_of_sample
BGD,Bangladesh,Non-ASEAN,2023-12-01,3,9656.0,7114.0,2023-09-01,backtest_out_of_sample
BGD,Bangladesh,Non-ASEAN,2024-01-01,4,10591.0,11037.0,2023-09-01,backtest_out_of_sample
BRN,Brunei,ASEAN,2023-10-01,1,45027.0,54360.0,2023-09-01,backtest_out_of_sample
BRN,Brunei,ASEAN,2023-11-01,2,52881.0,29705.0,2023-09-01,backtest_out_of_sample
BRN,Brunei,ASEAN,2023-12-01,3,139069.0,31255.0,2023-09-01,backtest_out_of_sample
BRN,Brunei,ASEAN,2024-01-01,4,83754.0,39894.0,2023-09-01,backtest_out_of_sample
CHN,China,Non-ASEAN,2023-10-01,1,143380.0,156302.0,2023-09-01,backtest_out_of_sample
CHN,China,Non-ASEAN,2023-11-01,2,124670.0,132263.0,2023-09-01,backtest_out_of_sample
CHN,China,Non-ASEAN,2023-12-01,3,168464.0,129190.0,2023-09-01,backtest_out_of_sample
CHN,China,Non-ASEAN,2024-01-01,4,220595.0,139074.0,2023-09-01,backtest_out_of_sample
DEU,Germany,Non-ASEAN,2023-10-01,1,9338.0,9840.0,2023-09-01,backtest_out_of_sample
DEU,Germany,Non-ASEAN,2023-11-01,2,10001.0,1619.0,2023-09-01,backtest_out_of_sample
DEU,Germany,Non-ASEAN,2023-12-01,3,14996.0,1977.0,2023-09-01,backtest_out_of_sample
DEU,Germany,Non-ASEAN,2024-01-01,4,12155.0,8967.0,2023-09-01,backtest_out_of_sample
FRA,France,Non-ASEAN,2023-10-01,1,8699.0,10824.0,2023-09-01,backtest_out_of_sample
FRA,France,Non-ASEAN,2023-11-01,2,8212.0,2344.0,2023-09-01,backtest_out_of_sample
FRA,France,Non-ASEAN,2023-12-01,3,8902.0,3114.0,2023-09-01,backtest_out_of_sample
FRA,France,Non-ASEAN,2024-01-01,4,10984.0,10104.0,2023-09-01,backtest_out_of_sample
GBR,United Kingdom,Non-ASEAN,2023-10-01,1,22078.0,21430.0,2023-09-01,backtest_out_of_sample
GBR,United Kingdom,Non-ASEAN,2023-11-01,2,21837.0,13156.0,2023-09-01,backtest_out_of_sample
GBR,United Kingdom,Non-ASEAN,2023-12-01,3,29519.0,12504.0,2023-09-01,backtest_out_of_sample
GBR,United Kingdom,Non-ASEAN,2024-01-01,4,29612.0,21302.0,2023-09-01,backtest_out_of_sample
IDN,Indonesia,ASEAN,2023-10-01,1,258748.0,251157.0,2023-09-01,backtest_out_of_sample
IDN,Indonesia,ASEAN,2023-11-01,2,273906.0,200743.0,2023-09-01,backtest_out_of_sample
IDN,Indonesia,ASEAN,2023-12-01,3,347520.0,213576.0,2023-09-01,backtest_out_of_sample
IDN,Indonesia,ASEAN,2024-01-01,4,312632.0,228865.0,2023-09-01,backtest_out_of_sample
IND,India,Non-ASEAN,2023-10-01,1,62535.0,58621.0,2023-09-01,backtest_out_of_sample
IND,India,Non-ASEAN,2023-11-01,2,52310.0,38427.0,2023-09-01,backtest_out_of_sample
IND,India,Non-ASEAN,2023-12-01,3,84143.0,37513.0,2023-09-01,backtest_out_of_sample
IND,India,Non-ASEAN,2024-01-01,4,66777.0,41262.0,2023-09-01,backtest_out_of_sample
JPN,Japan,Non-ASEAN,2023-10-01,1,20243.0,26119.0,2023-09-01,backtest_out_of_sample
JPN,Japan,Non-ASEAN,2023-11-01,2,21079.0,22453.0,2023-09-01,backtest_out_of_sample
JPN,Japan,Non-ASEAN,2023-12-01,3,22446.0,21631.0,2023-09-01,backtest_out_of_sample
JPN,Japan,Non-ASEAN,2024-01-01,4,21973.0,25329.0,2023-09-01,backtest_out_of_sample
KOR,South Korea,Non-ASEAN,2023-10-01,1,30254.0,37626.0,2023-09-01,backtest_out_of_sample
KOR,South Korea,Non-ASEAN,2023-11-01,2,27473.0,31939.0,2023-09-01,backtest_out_of_sample
KOR,South Korea,Non-ASEAN,2023-12-01,3,42120.0,31515.0,2023-09-01,backtest_out_of_sample
KOR,South Korea,Non-ASEAN,2024-01-01,4,69247.0,38143.0,2023-09-01,backtest_out_of_sample
MMR,Myanmar,ASEAN,2023-10-01,1,7940.0,10122.0,2023-09-01,backtest_out_of_sample
MMR,Myanmar,ASEAN,2023-11-01,2,7913.0,5516.0,2023-09-01,backtest_out_of_sample
MMR,Myanmar,ASEAN,2023-12-01,3,10496.0,5873.0,2023-09-01,backtest_out_of_sample
MMR,Myanmar,ASEAN,2024-01-01,4,6170.0,8592.0,2023-09-01,backtest_out_of_sample
NPL,Nepal,Non-ASEAN,2023-10-01,1,2074.0,1923.0,2023-09-01,backtest_out_of_sample
NPL,Nepal,Non-ASEAN,2023-11-01,2,1739.0,0.0,2023-09-01,backtest_out_of_sample
NPL,Nepal,Non-ASEAN,2023-12-01,3,1540.0,0.0,2023-09-01,backtest_out_of_sample
NPL,Nepal,Non-ASEAN,2024-01-01,4,1550.0,451.0,2023-09-01,backtest_out_of_sample
PAK,Pakistan,Non-ASEAN,2023-10-01,1,9037.0,11135.0,2023-09-01,backtest_out_of_sample
PAK,Pakistan,Non-ASEAN,2023-11-01,2,6659.0,7198.0,2023-09-01,backtest_out_of_sample
PAK,Pakistan,Non-ASEAN,2023-12-01,3,9382.0,7555.0,2023-09-01,backtest_out_of_sample
PAK,Pakistan,Non-ASEAN,2024-01-01,4,7859.0,10273.0,2023-09-01,backtest_out_of_sample
PHL,Philippines,ASEAN,2023-10-01,1,28819.0,33285.0,2023-09-01,backtest_out_of_sample
PHL,Philippines,ASEAN,2023-11-01,2,30845.0,29011.0,2023-09-01,backtest_out_of_sample
PHL,Philippines,ASEAN,2023-12-01,3,39640.0,28600.0,2023-09-01,backtest_out_of_sample
PHL,Philippines,ASEAN,2024-01-01,4,23580.0,32701.0,2023-09-01,backtest_out_of_sample
SGP,Singapore,ASEAN,2023-10-01,1,644262.0,740378.0,2023-09-01,backtest_out_of_sample
SGP,Singapore,ASEAN,2023-11-01,2,734577.0,742138.0,2023-09-01,backtest_out_of_sample
SGP,Singapore,ASEAN,2023-12-01,3,1034239.0,745244.0,2023-09-01,backtest_out_of_sample
SGP,Singapore,ASEAN,2024-01-01,4,520795.0,656763.0,2023-09-01,backtest_out_of_sample
THA,Thailand,ASEAN,2023-10-01,1,149987.0,117493.0,2023-09-01,backtest_out_of_sample
THA,Thailand,ASEAN,2023-11-01,2,121347.0,93192.0,2023-09-01,backtest_out_of_sample
THA,Thailand,ASEAN,2023-12-01,3,126318.0,92054.0,2023-09-01,backtest_out_of_sample
THA,Thailand,ASEAN,2024-01-01,4,129293.0,95275.0,2023-09-01,backtest_out_of_sample
TWN,Taiwan,Non-ASEAN,2023-10-01,1,27462.0,26363.0,2023-09-01,backtest_out_of_sample
TWN,Taiwan,Non-ASEAN,2023-11-01,2,24184.0,21613.0,2023-09-01,backtest_out_of_sample
TWN,Taiwan,Non-ASEAN,2023-12-01,3,18554.0,22298.0,2023-09-01,backtest_out_of_sample
TWN,Taiwan,Non-ASEAN,2024-01-01,4,30793.0,28344.0,2023-09-01,backtest_out_of_sample
USA,United States,Non-ASEAN,2023-10-01,1,18403.0,21556.0,2023-09-01,backtest_out_of_sample
USA,United States,Non-ASEAN,2023-11-01,2,20104.0,13289.0,2023-09-01,backtest_out_of_sample
USA,United States,Non-ASEAN,2023-12-01,3,28526.0,13642.0,2023-09-01,backtest_out_of_sample
USA,United States,Non-ASEAN,2024-01-01,4,22413.0,21864.0,2023-09-01,backtest_out_of_sample
VNM,Vietnam,ASEAN,2023-10-01,1,26716.0,32552.0,2023-09-01,backtest_out_of_sample
VNM,Vietnam,ASEAN,2023-11-01,2,24135.0,25534.0,2023-09-01,backtest_out_of_sample
VNM,Vietnam,ASEAN,2023-12-01,3,20658.0,25750.0,2023-09-01,backtest_out_of_sample
VNM,Vietnam,ASEAN,2024-01-01,4,20208.0,32019.0,2023-09-01,backtest_out_of_sample
AUS,Australia,Non-ASEAN,2024-04-01,1,27408.0,31857.0,2024-03-01,backtest_out_of_sample
AUS,Australia,Non-ASEAN,2024-05-01,2,22655.0,31426.0,2024-03-01,backtest_out_of_sample
AUS,Australia,Non-ASEAN,2024-06-01,3,32743.0,31356.0,2024-03-01,backtest_out_of_sample
AUS,Australia,Non-ASEAN,2024-07-01,4,35097.0,34154.0,2024-03-01,backtest_out_of_sample
BGD,Bangladesh,Non-ASEAN,2024-04-01,1,9968.0,11308.0,2024-03-01,backtest_out_of_sample
BGD,Bangladesh,Non-ASEAN,2024-05-01,2,9380.0,9490.0,2024-03-01,backtest_out_of_sample
BGD,Bangladesh,Non-ASEAN,2024-06-01,3,13230.0,11858.0,2024-03-01,backtest_out_of_sample
BGD,Bangladesh,Non-ASEAN,2024-07-01,4,8853.0,11124.0,2024-03-01,backtest_out_of_sample
BRN,Brunei,ASEAN,2024-04-01,1,104891.0,111338.0,2024-03-01,backtest_out_of_sample
BRN,Brunei,ASEAN,2024-05-01,2,88987.0,112117.0,2024-03-01,backtest_out_of_sample
BRN,Brunei,ASEAN,2024-06-01,3,86531.0,103184.0,2024-03-01,backtest_out_of_sample
BRN,Brunei,ASEAN,2024-07-01,4,94791.0,106434.0,2024-03-01,backtest_out_of_sample
CHN,China,Non-ASEAN,2024-04-01,1,196924.0,245846.0,2024-03-01,backtest_out_of_sample
CHN,China,Non-ASEAN,2024-05-01,2,229354.0,257501.0,2024-03-01,backtest_out_of_sample
CHN,China,Non-ASEAN,2024-06-01,3,264661.0,248310.0,2024-03-01,backtest_out_of_sample
CHN,China,Non-ASEAN,2024-07-01,4,410863.0,260984.0,2024-03-01,backtest_out_of_sample
DEU,Germany,Non-ASEAN,2024-04-01,1,12744.0,21208.0,2024-03-01,backtest_out_of_sample
DEU,Germany,Non-ASEAN,2024-05-01,2,11601.0,22317.0,2024-03-01,backtest_out_of_sample
DEU,Germany,Non-ASEAN,2024-06-01,3,7973.0,21776.0,2024-03-01,backtest_out_of_sample
DEU,Germany,Non-ASEAN,2024-07-01,4,10979.0,22203.0,2024-03-01,backtest_out_of_sample
FRA,France,Non-ASEAN,2024-04-01,1,12234.0,10131.0,2024-03-01,backtest_out_of_sample
FRA,France,Non-ASEAN,2024-05-01,2,10954.0,11239.0,2024-03-01,backtest_out_of_sample
FRA,France,Non-ASEAN,2024-06-01,3,11120.0,10917.0,2024-03-01,backtest_out_of_sample
FRA,France,Non-ASEAN,2024-07-01,4,20657.0,12511.0,2024-03-01,backtest_out_of_sample
GBR,United Kingdom,Non-ASEAN,2024-04-01,1,28311.0,32543.0,2024-03-01,backtest_out_of_sample
GBR,United Kingdom,Non-ASEAN,2024-05-01,2,22542.0,33681.0,2024-03-01,backtest_out_of_sample
GBR,United Kingdom,Non-ASEAN,2024-06-01,3,23113.0,32534.0,2024-03-01,backtest_out_of_sample
GBR,United Kingdom,Non-ASEAN,2024-07-01,4,32644.0,33607.0,2024-03-01,backtest_out_of_sample
IDN,Indonesia,ASEAN,2024-04-01,1,298290.0,309428.0,2024-03-01,backtest_out_of_sample
IDN,Indonesia,ASEAN,2024-05-01,2,296438.0,328620.0,2024-03-01,backtest_out_of_sample
IDN,Indonesia,ASEAN,2024-06-01,3,339253.0,316478.0,2024-03-01,backtest_out_of_sample
IDN,Indonesia,ASEAN,2024-07-01,4,320959.0,341405.0,2024-03-01,backtest_out_of_sample
IND,India,Non-ASEAN,2024-04-01,1,83380.0,100509.0,2024-03-01,backtest_out_of_sample
IND,India,Non-ASEAN,2024-05-01,2,129082.0,110347.0,2024-03-01,backtest_out_of_sample
IND,India,Non-ASEAN,2024-06-01,3,111817.0,99095.0,2024-03-01,backtest_out_of_sample
IND,India,Non-ASEAN,2024-07-01,4,86819.0,102038.0,2024-03-01,backtest_out_of_sample
JPN,Japan,Non-ASEAN,2024-04-01,1,18680.0,29611.0,2024-03-01,backtest_out_of_sample
JPN,Japan,Non-ASEAN,2024-05-01,2,19975.0,29575.0,2024-03-01,backtest_out_of_sample
JPN,Japan,Non-ASEAN,2024-06-01,3,20527.0,30208.0,2024-03-01,backtest_out_of_sample
JPN,Japan,Non-ASEAN,2024-07-01,4,27098.0,31226.0,2024-03-01,backtest_out_of_sample
KOR,South Korea,Non-ASEAN,2024-04-01,1,27066.0,38628.0,2024-03-01,backtest_out_of_sample
KOR,South Korea,Non-ASEAN,2024-05-01,2,26726.0,36642.0,2024-03-01,backtest_out_of_sample
KOR,South Korea,Non-ASEAN,2024-06-01,3,34535.0,36520.0,2024-03-01,backtest_out_of_sample
KOR,South Korea,Non-ASEAN,2024-07-01,4,48437.0,42631.0,2024-03-01,backtest_out_of_sample
MMR,Myanmar,ASEAN,2024-04-01,1,7516.0,9859.0,2024-03-01,backtest_out_of_sample
MMR,Myanmar,ASEAN,2024-05-01,2,8441.0,9588.0,2024-03-01,backtest_out_of_sample
MMR,Myanmar,ASEAN,2024-06-01,3,11604.0,10426.0,2024-03-01,backtest_out_of_sample
MMR,Myanmar,ASEAN,2024-07-01,4,8248.0,10852.0,2024-03-01,backtest_out_of_sample
NPL,Nepal,Non-ASEAN,2024-04-01,1,1431.0,1447.0,2024-03-01,backtest_out_of_sample
NPL,Nepal,Non-ASEAN,2024-05-01,2,1572.0,1034.0,2024-03-01,backtest_out_of_sample
NPL,Nepal,Non-ASEAN,2024-06-01,3,1598.0,2014.0,2024-03-01,backtest_out_of_sample
NPL,Nepal,Non-ASEAN,2024-07-01,4,1718.0,2441.0,2024-03-01,backtest_out_of_sample
PAK,Pakistan,Non-ASEAN,2024-04-01,1,5265.0,4524.0,2024-03-01,backtest_out_of_sample
PAK,Pakistan,Non-ASEAN,2024-05-01,2,8688.0,4253.0,2024-03-01,backtest_out_of_sample
PAK,Pakistan,Non-ASEAN,2024-06-01,3,9191.0,5310.0,2024-03-01,backtest_out_of_sample
PAK,Pakistan,Non-ASEAN,2024-07-01,4,9679.0,5517.0,2024-03-01,backtest_out_of_sample
PHL,Philippines,ASEAN,2024-04-01,1,27400.0,39887.0,2024-03-01,backtest_out_of_sample
PHL,Philippines,ASEAN,2024-05-01,2,29911.0,40071.0,2024-03-01,backtest_out_of_sample
PHL,Philippines,ASEAN,2024-06-01,3,42354.0,40302.0,2024-03-01,backtest_out_of_sample
PHL,Philippines,ASEAN,2024-07-01,4,35988.0,46117.0,2024-03-01,backtest_out_of_sample
SGP,Singapore,ASEAN,2024-04-01,1,578777.0,659272.0,2024-03-01,backtest_out_of_sample
SGP,Singapore,ASEAN,2024-05-01,2,703234.0,688793.0,2024-03-01,backtest_out_of_sample
SGP,Singapore,ASEAN,2024-06-01,3,973697.0,820972.0,2024-03-01,backtest_out_of_sample
SGP,Singapore,ASEAN,2024-07-01,4,701392.0,801760.0,2024-03-01,backtest_out_of_sample
THA,Thailand,ASEAN,2024-04-01,1,137009.0,160465.0,2024-03-01,backtest_out_of_sample
THA,Thailand,ASEAN,2024-05-01,2,139704.0,164700.0,2024-03-01,backtest_out_of_sample
THA,Thailand,ASEAN,2024-06-01,3,130311.0,158045.0,2024-03-01,backtest_out_of_sample
THA,Thailand,ASEAN,2024-07-01,4,135574.0,161687.0,2024-03-01,backtest_out_of_sample
TWN,Taiwan,Non-ASEAN,2024-04-01,1,25056.0,31159.0,2024-03-01,backtest_out_of_sample
TWN,Taiwan,Non-ASEAN,2024-05-01,2,26024.0,31691.0,2024-03-01,backtest_out_of_sample
TWN,Taiwan,Non-ASEAN,2024-06-01,3,36811.0,32965.0,2024-03-01,backtest_out_of_sample
TWN,Taiwan,Non-ASEAN,2024-07-01,4,48586.0,37428.0,2024-03-01,backtest_out_of_sample
USA,United States,Non-ASEAN,2024-04-01,1,19926.0,23886.0,2024-03-01,backtest_out_of_sample
USA,United States,Non-ASEAN,2024-05-01,2,19807.0,25158.0,2024-03-01,backtest_out_of_sample
USA,United States,Non-ASEAN,2024-06-01,3,24667.0,24594.0,2024-03-01,backtest_out_of_sample
USA,United States,Non-ASEAN,2024-07-01,4,26331.0,25447.0,2024-03-01,backtest_out_of_sample
VNM,Vietnam,ASEAN,2024-04-01,1,27177.0,32192.0,2024-03-01,backtest_out_of_sample
VNM,Vietnam,ASEAN,2024-05-01,2,27100.0,37065.0,2024-03-01,backtest_out_of_sample
VNM,Vietnam,ASEAN,2024-06-01,3,36883.0,36723.0,2024-03-01,backtest_out_of_sample
VNM,Vietnam,ASEAN,2024-07-01,4,39356.0,39450.0,2024-03-01,backtest_out_of_sample
AUS,Australia,Non-ASEAN,2024-10-01,1,33204.0,31124.0,2024-09-01,backtest_out_of_sample
AUS,Australia,Non-ASEAN,2024-11-01,2,27817.0,31881.0,2024-09-01,backtest_out_of_sample
AUS,Australia,Non-ASEAN,2024-12-01,3,50754.0,42521.0,2024-09-01,backtest_out_of_sample
AUS,Australia,Non-ASEAN,2025-01-01,4,54627.0,33000.0,2024-09-01,backtest_out_of_sample
BGD,Bangladesh,Non-ASEAN,2024-10-01,1,14909.0,10298.0,2024-09-01,backtest_out_of_sample
BGD,Bangladesh,Non-ASEAN,2024-11-01,2,14729.0,9865.0,2024-09-01,backtest_out_of_sample
BGD,Bangladesh,Non-ASEAN,2024-12-01,3,19143.0,11090.0,2024-09-01,backtest_out_of_sample
BGD,Bangladesh,Non-ASEAN,2025-01-01,4,28256.0,8281.0,2024-09-01,backtest_out_of_sample
BRN,Brunei,ASEAN,2024-10-01,1,76080.0,67583.0,2024-09-01,backtest_out_of_sample
BRN,Brunei,ASEAN,2024-11-01,2,75096.0,68337.0,2024-09-01,backtest_out_of_sample
BRN,Brunei,ASEAN,2024-12-01,3,127491.0,79429.0,2024-09-01,backtest_out_of_sample
BRN,Brunei,ASEAN,2025-01-01,4,84995.0,56060.0,2024-09-01,backtest_out_of_sample
CHN,China,Non-ASEAN,2024-10-01,1,290847.0,241793.0,2024-09-01,backtest_out_of_sample
CHN,China,Non-ASEAN,2024-11-01,2,216067.0,230479.0,2024-09-01,backtest_out_of_sample
CHN,China,Non-ASEAN,2024-12-01,3,249048.0,268152.0,2024-09-01,backtest_out_of_sample
CHN,China,Non-ASEAN,2025-01-01,4,425586.0,226279.0,2024-09-01,backtest_out_of_sample
DEU,Germany,Non-ASEAN,2024-10-01,1,11778.0,10205.0,2024-09-01,backtest_out_of_sample
DEU,Germany,Non-ASEAN,2024-11-01,2,11343.0,9772.0,2024-09-01,backtest_out_of_sample
DEU,Germany,Non-ASEAN,2024-12-01,3,15994.0,11905.0,2024-09-01,backtest_out_of_sample
DEU,Germany,Non-ASEAN,2025-01-01,4,16990.0,9288.0,2024-09-01,backtest_out_of_sample
FRA,France,Non-ASEAN,2024-10-01,1,13863.0,9334.0,2024-09-01,backtest_out_of_sample
FRA,France,Non-ASEAN,2024-11-01,2,9264.0,8901.0,2024-09-01,backtest_out_of_sample
FRA,France,Non-ASEAN,2024-12-01,3,11239.0,11101.0,2024-09-01,backtest_out_of_sample
FRA,France,Non-ASEAN,2025-01-01,4,14203.0,8384.0,2024-09-01,backtest_out_of_sample
GBR,United Kingdom,Non-ASEAN,2024-10-01,1,28128.0,23774.0,2024-09-01,backtest_out_of_sample
GBR,United Kingdom,Non-ASEAN,2024-11-01,2,25580.0,23190.0,2024-09-01,backtest_out_of_sample
GBR,United Kingdom,Non-ASEAN,2024-12-01,3,29458.0,25778.0,2024-09-01,backtest_out_of_sample
GBR,United Kingdom,Non-ASEAN,2025-01-01,4,33111.0,23621.0,2024-09-01,backtest_out_of_sample
IDN,Indonesia,ASEAN,2024-10-01,1,319081.0,296025.0,2024-09-01,backtest_out_of_sample
IDN,Indonesia,ASEAN,2024-11-01,2,268141.0,305684.0,2024-09-01,backtest_out_of_sample
IDN,Indonesia,ASEAN,2024-12-01,3,382555.0,354878.0,2024-09-01,backtest_out_of_sample
IDN,Indonesia,ASEAN,2025-01-01,4,394234.0,270540.0,2024-09-01,backtest_out_of_sample
IND,India,Non-ASEAN,2024-10-01,1,99833.0,101887.0,2024-09-01,backtest_out_of_sample
IND,India,Non-ASEAN,2024-11-01,2,94121.0,98713.0,2024-09-01,backtest_out_of_sample
IND,India,Non-ASEAN,2024-12-01,3,124217.0,101208.0,2024-09-01,backtest_out_of_sample
IND,India,Non-ASEAN,2025-01-01,4,98821.0,95182.0,2024-09-01,backtest_out_of_sample
JPN,Japan,Non-ASEAN,2024-10-01,1,29128.0,30129.0,2024-09-01,backtest_out_of_sample
JPN,Japan,Non-ASEAN,2024-11-01,2,23498.0,29353.0,2024-09-01,backtest_out_of_sample
JPN,Japan,Non-ASEAN,2024-12-01,3,27995.0,30770.0,2024-09-01,backtest_out_of_sample
JPN,Japan,Non-ASEAN,2025-01-01,4,25680.0,27961.0,2024-09-01,backtest_out_of_sample
KOR,South Korea,Non-ASEAN,2024-10-01,1,34992.0,40950.0,2024-09-01,backtest_out_of_sample
KOR,South Korea,Non-ASEAN,2024-11-01,2,34695.0,32463.0,2024-09-01,backtest_out_of_sample
KOR,South Korea,Non-ASEAN,2024-12-01,3,43714.0,44585.0,2024-09-01,backtest_out_of_sample
KOR,South Korea,Non-ASEAN,2025-01-01,4,63535.0,49477.0,2024-09-01,backtest_out_of_sample
MMR,Myanmar,ASEAN,2024-10-01,1,10048.0,10298.0,2024-09-01,backtest_out_of_sample
MMR,Myanmar,ASEAN,2024-11-01,2,10865.0,9865.0,2024-09-01,backtest_out_of_sample
MMR,Myanmar,ASEAN,2024-12-01,3,15434.0,11090.0,2024-09-01,backtest_out_of_sample
MMR,Myanmar,ASEAN,2025-01-01,4,14042.0,8281.0,2024-09-01,backtest_out_of_sample
NPL,Nepal,Non-ASEAN,2024-10-01,1,2522.0,2280.0,2024-09-01,backtest_out_of_sample
NPL,Nepal,Non-ASEAN,2024-11-01,2,1261.0,1847.0,2024-09-01,backtest_out_of_sample
NPL,Nepal,Non-ASEAN,2024-12-01,3,1583.0,3073.0,2024-09-01,backtest_out_of_sample
NPL,Nepal,Non-ASEAN,2025-01-01,4,1819.0,263.0,2024-09-01,backtest_out_of_sample
PAK,Pakistan,Non-ASEAN,2024-10-01,1,8780.0,10298.0,2024-09-01,backtest_out_of_sample
PAK,Pakistan,Non-ASEAN,2024-11-01,2,11243.0,9865.0,2024-09-01,backtest_out_of_sample
PAK,Pakistan,Non-ASEAN,2024-12-01,3,10377.0,11090.0,2024-09-01,backtest_out_of_sample
PAK,Pakistan,Non-ASEAN,2025-01-01,4,10954.0,8281.0,2024-09-01,backtest_out_of_sample
PHL,Philippines,ASEAN,2024-10-01,1,35782.0,30846.0,2024-09-01,backtest_out_of_sample
PHL,Philippines,ASEAN,2024-11-01,2,31527.0,31185.0,2024-09-01,backtest_out_of_sample
PHL,Philippines,ASEAN,2024-12-01,3,41564.0,36337.0,2024-09-01,backtest_out_of_sample
PHL,Philippines,ASEAN,2025-01-01,4,30503.0,28831.0,2024-09-01,backtest_out_of_sample
SGP,Singapore,ASEAN,2024-10-01,1,853068.0,670836.0,2024-09-01,backtest_out_of_sample
SGP,Singapore,ASEAN,2024-11-01,2,699138.0,750688.0,2024-09-01,backtest_out_of_sample
SGP,Singapore,ASEAN,2024-12-01,3,1050829.0,970770.0,2024-09-01,backtest_out_of_sample
SGP,Singapore,ASEAN,2025-01-01,4,759604.0,547447.0,2024-09-01,backtest_out_of_sample
THA,Thailand,ASEAN,2024-10-01,1,168745.0,139937.0,2024-09-01,backtest_out_of_sample
THA,Thailand,ASEAN,2024-11-01,2,112010.0,132676.0,2024-09-01,backtest_out_of_sample
THA,Thailand,ASEAN,2024-12-01,3,141647.0,135326.0,2024-09-01,backtest_out_of_sample
THA,Thailand,ASEAN,2025-01-01,4,155630.0,123966.0,2024-09-01,backtest_out_of_sample
TWN,Taiwan,Non-ASEAN,2024-10-01,1,36049.0,32481.0,2024-09-01,backtest_out_of_sample
TWN,Taiwan,Non-ASEAN,2024-11-01,2,25654.0,31620.0,2024-09-01,backtest_out_of_sample
TWN,Taiwan,Non-ASEAN,2024-12-01,3,21909.0,34291.0,2024-09-01,backtest_out_of_sample
TWN,Taiwan,Non-ASEAN,2025-01-01,4,38338.0,31082.0,2024-09-01,backtest_out_of_sample
USA,United States,Non-ASEAN,2024-10-01,1,22572.0,21672.0,2024-09-01,backtest_out_of_sample
USA,United States,Non-ASEAN,2024-11-01,2,22664.0,21272.0,2024-09-01,backtest_out_of_sample
USA,United States,Non-ASEAN,2024-12-01,3,26401.0,22931.0,2024-09-01,backtest_out_of_sample
USA,United States,Non-ASEAN,2025-01-01,4,29420.0,20215.0,2024-09-01,backtest_out_of_sample
VNM,Vietnam,ASEAN,2024-10-01,1,23058.0,23095.0,2024-09-01,backtest_out_of_sample
VNM,Vietnam,ASEAN,2024-11-01,2,21436.0,22511.0,2024-09-01,backtest_out_of_sample
VNM,Vietnam,ASEAN,2024-12-01,3,20627.0,24711.0,2024-09-01,backtest_out_of_sample
VNM,Vietnam,ASEAN,2025-01-01,4,24613.0,21572.0,2024-09-01,backtest_out_of_sample
AUS,Australia,Non-ASEAN,2025-10-01,1,35261.0,34577.0,2025-09-01,backtest_out_of_sample
AUS,Australia,Non-ASEAN,2025-11-01,2,35859.0,30463.0,2025-09-01,backtest_out_of_sample
AUS,Australia,Non-ASEAN,2025-12-01,3,54880.0,41032.0,2025-09-01,backtest_out_of_sample
AUS,Australia,Non-ASEAN,2026-01-01,4,52275.0,39369.0,2025-09-01,backtest_out_of_sample
BGD,Bangladesh,Non-ASEAN,2025-10-01,1,18719.0,21990.0,2025-09-01,backtest_out_of_sample
BGD,Bangladesh,Non-ASEAN,2025-11-01,2,17403.0,22132.0,2025-09-01,backtest_out_of_sample
BGD,Bangladesh,Non-ASEAN,2025-12-01,3,17078.0,22122.0,2025-09-01,backtest_out_of_sample
BGD,Bangladesh,Non-ASEAN,2026-01-01,4,17059.0,22610.0,2025-09-01,backtest_out_of_sample
BRN,Brunei,ASEAN,2025-10-01,1,77407.0,61420.0,2025-09-01,backtest_out_of_sample
BRN,Brunei,ASEAN,2025-11-01,2,86720.0,63710.0,2025-09-01,backtest_out_of_sample
BRN,Brunei,ASEAN,2025-12-01,3,136910.0,80614.0,2025-09-01,backtest_out_of_sample
BRN,Brunei,ASEAN,2026-01-01,4,84389.0,62229.0,2025-09-01,backtest_out_of_sample
CHN,China,Non-ASEAN,2025-10-01,1,316499.0,305441.0,2025-09-01,backtest_out_of_sample
CHN,China,Non-ASEAN,2025-11-01,2,277678.0,304613.0,2025-09-01,backtest_out_of_sample
CHN,China,Non-ASEAN,2025-12-01,3,284828.0,319455.0,2025-09-01,backtest_out_of_sample
CHN,China,Non-ASEAN,2026-01-01,4,371299.0,368066.0,2025-09-01,backtest_out_of_sample
DEU,Germany,Non-ASEAN,2025-10-01,1,18652.0,10658.0,2025-09-01,backtest_out_of_sample
DEU,Germany,Non-ASEAN,2025-11-01,2,11817.0,10799.0,2025-09-01,backtest_out_of_sample
DEU,Germany,Non-ASEAN,2025-12-01,3,19278.0,11061.0,2025-09-01,backtest_out_of_sample
DEU,Germany,Non-ASEAN,2026-01-01,4,16699.0,10650.0,2025-09-01,backtest_out_of_sample
FRA,France,Non-ASEAN,2025-10-01,1,13981.0,13557.0,2025-09-01,backtest_out_of_sample
FRA,France,Non-ASEAN,2025-11-01,2,11492.0,11274.0,2025-09-01,backtest_out_of_sample
FRA,France,Non-ASEAN,2025-12-01,3,13308.0,14257.0,2025-09-01,backtest_out_of_sample
FRA,France,Non-ASEAN,2026-01-01,4,16583.0,13950.0,2025-09-01,backtest_out_of_sample
GBR,United Kingdom,Non-ASEAN,2025-10-01,1,29369.0,26494.0,2025-09-01,backtest_out_of_sample
GBR,United Kingdom,Non-ASEAN,2025-11-01,2,28933.0,26049.0,2025-09-01,backtest_out_of_sample
GBR,United Kingdom,Non-ASEAN,2025-12-01,3,33440.0,27092.0,2025-09-01,backtest_out_of_sample
GBR,United Kingdom,Non-ASEAN,2026-01-01,4,35195.0,27622.0,2025-09-01,backtest_out_of_sample
IDN,Indonesia,ASEAN,2025-10-01,1,277081.0,352075.0,2025-09-01,backtest_out_of_sample
IDN,Indonesia,ASEAN,2025-11-01,2,283103.0,322480.0,2025-09-01,backtest_out_of_sample
IDN,Indonesia,ASEAN,2025-12-01,3,346932.0,388434.0,2025-09-01,backtest_out_of_sample
IDN,Indonesia,ASEAN,2026-01-01,4,343500.0,371470.0,2025-09-01,backtest_out_of_sample
IND,India,Non-ASEAN,2025-10-01,1,101051.0,99865.0,2025-09-01,backtest_out_of_sample
IND,India,Non-ASEAN,2025-11-01,2,96757.0,100325.0,2025-09-01,backtest_out_of_sample
IND,India,Non-ASEAN,2025-12-01,3,113309.0,109058.0,2025-09-01,backtest_out_of_sample
IND,India,Non-ASEAN,2026-01-01,4,89958.0,95290.0,2025-09-01,backtest_out_of_sample
JPN,Japan,Non-ASEAN,2025-10-01,1,28836.0,31843.0,2025-09-01,backtest_out_of_sample
JPN,Japan,Non-ASEAN,2025-11-01,2,28306.0,29115.0,2025-09-01,backtest_out_of_sample
JPN,Japan,Non-ASEAN,2025-12-01,3,30331.0,30520.0,2025-09-01,backtest_out_of_sample
JPN,Japan,Non-ASEAN,2026-01-01,4,26580.0,29132.0,2025-09-01,backtest_out_of_sample
KOR,South Korea,Non-ASEAN,2025-10-01,1,36424.0,36305.0,2025-09-01,backtest_out_of_sample
KOR,South Korea,Non-ASEAN,2025-11-01,2,32500.0,34317.0,2025-09-01,backtest_out_of_sample
KOR,South Korea,Non-ASEAN,2025-12-01,3,39595.0,38897.0,2025-09-01,backtest_out_of_sample
KOR,South Korea,Non-ASEAN,2026-01-01,4,65269.0,39595.0,2025-09-01,backtest_out_of_sample
MMR,Myanmar,ASEAN,2025-10-01,1,16882.0,10527.0,2025-09-01,backtest_out_of_sample
MMR,Myanmar,ASEAN,2025-11-01,2,16733.0,8661.0,2025-09-01,backtest_out_of_sample
MMR,Myanmar,ASEAN,2025-12-01,3,21866.0,11245.0,2025-09-01,backtest_out_of_sample
MMR,Myanmar,ASEAN,2026-01-01,4,14366.0,10834.0,2025-09-01,backtest_out_of_sample
NPL,Nepal,Non-ASEAN,2025-10-01,1,2330.0,1869.0,2025-09-01,backtest_out_of_sample
NPL,Nepal,Non-ASEAN,2025-11-01,2,1444.0,353.0,2025-09-01,backtest_out_of_sample
NPL,Nepal,Non-ASEAN,2025-12-01,3,1526.0,2245.0,2025-09-01,backtest_out_of_sample
NPL,Nepal,Non-ASEAN,2026-01-01,4,1304.0,1883.0,2025-09-01,backtest_out_of_sample
PAK,Pakistan,Non-ASEAN,2025-10-01,1,10034.0,10527.0,2025-09-01,backtest_out_of_sample
PAK,Pakistan,Non-ASEAN,2025-11-01,2,9981.0,9173.0,2025-09-01,backtest_out_of_sample
PAK,Pakistan,Non-ASEAN,2025-12-01,3,10405.0,10903.0,2025-09-01,backtest_out_of_sample
PAK,Pakistan,Non-ASEAN,2026-01-01,4,10334.0,10540.0,2025-09-01,backtest_out_of_sample
PHL,Philippines,ASEAN,2025-10-01,1,36724.0,35912.0,2025-09-01,backtest_out_of_sample
PHL,Philippines,ASEAN,2025-11-01,2,36044.0,33669.0,2025-09-01,backtest_out_of_sample
PHL,Philippines,ASEAN,2025-12-01,3,44393.0,37505.0,2025-09-01,backtest_out_of_sample
PHL,Philippines,ASEAN,2026-01-01,4,29084.0,31135.0,2025-09-01,backtest_out_of_sample
SGP,Singapore,ASEAN,2025-10-01,1,754949.0,784152.0,2025-09-01,backtest_out_of_sample
SGP,Singapore,ASEAN,2025-11-01,2,770048.0,802874.0,2025-09-01,backtest_out_of_sample
SGP,Singapore,ASEAN,2025-12-01,3,1073335.0,891061.0,2025-09-01,backtest_out_of_sample
SGP,Singapore,ASEAN,2026-01-01,4,670093.0,601184.0,2025-09-01,backtest_out_of_sample
THA,Thailand,ASEAN,2025-10-01,1,169069.0,135744.0,2025-09-01,backtest_out_of_sample
THA,Thailand,ASEAN,2025-11-01,2,121773.0,122064.0,2025-09-01,backtest_out_of_sample
THA,Thailand,ASEAN,2025-12-01,3,140699.0,150465.0,2025-09-01,backtest_out_of_sample
THA,Thailand,ASEAN,2026-01-01,4,150401.0,136056.0,2025-09-01,backtest_out_of_sample
TWN,Taiwan,Non-ASEAN,2025-10-01,1,35806.0,36057.0,2025-09-01,backtest_out_of_sample
TWN,Taiwan,Non-ASEAN,2025-11-01,2,25837.0,29370.0,2025-09-01,backtest_out_of_sample
TWN,Taiwan,Non-ASEAN,2025-12-01,3,21622.0,30364.0,2025-09-01,backtest_out_of_sample
TWN,Taiwan,Non-ASEAN,2026-01-01,4,34340.0,35181.0,2025-09-01,backtest_out_of_sample
USA,United States,Non-ASEAN,2025-10-01,1,23397.0,22206.0,2025-09-01,backtest_out_of_sample
USA,United States,Non-ASEAN,2025-11-01,2,28202.0,22348.0,2025-09-01,backtest_out_of_sample
USA,United States,Non-ASEAN,2025-12-01,3,30488.0,22449.0,2025-09-01,backtest_out_of_sample
USA,United States,Non-ASEAN,2026-01-01,4,30457.0,22605.0,2025-09-01,backtest_out_of_sample
VNM,Vietnam,ASEAN,2025-10-01,1,21213.0,24272.0,2025-09-01,backtest_out_of_sample
VNM,Vietnam,ASEAN,2025-11-01,2,19025.0,22104.0,2025-09-01,backtest_out_of_sample
VNM,Vietnam,ASEAN,2025-12-01,3,16733.0,24625.0,2025-09-01,backtest_out_of_sample
VNM,Vietnam,ASEAN,2026-01-01,4,18340.0,23811.0,2025-09-01,backtest_out_of_sample
