source_country_iso3,source_country_name,market_segment,period,year,month,horizon,predicted_arrivals,actual_arrivals,split_type,forecast_assumption,coverage_scope
AUS,Australia,Non-ASEAN,2026-06-01,2026,6,1,27480.0,,future_forecast,L_arrivals=4 (primary),20 modelled source markets only; NOT all-Malaysia total
AUS,Australia,Non-ASEAN,2026-07-01,2026,7,2,36635.0,,future_forecast,L_arrivals=4 (primary),20 modelled source markets only; NOT all-Malaysia total
AUS,Australia,Non-ASEAN,2026-08-01,2026,8,3,29311.0,,future_forecast,L_arrivals=4 (primary),20 modelled source markets only; NOT all-Malaysia total
AUS,Australia,Non-ASEAN,2026-09-01,2026,9,4,33497.0,,future_forecast,L_arrivals=4 (primary),20 modelled source markets only; NOT all-Malaysia total
BGD,Bangladesh,Non-ASEAN,2026-06-01,2026,6,1,15125.0,,future_forecast,L_arrivals=4 (primary),20 modelled source markets only; NOT all-Malaysia total
BGD,Bangladesh,Non-ASEAN,2026-07-01,2026,7,2,14374.0,,future_forecast,L_arrivals=4 (primary),20 modelled source markets only; NOT all-Malaysia total
BGD,Bangladesh,Non-ASEAN,2026-08-01,2026,8,3,14198.0,,future_forecast,L_arrivals=4 (primary),20 modelled source markets only; NOT all-Malaysia total
BGD,Bangladesh,Non-ASEAN,2026-09-01,2026,9,4,13923.0,,future_forecast,L_arrivals=4 (primary),20 modelled source markets only; NOT all-Malaysia total
BRN,Brunei,ASEAN,2026-06-01,2026,6,1,61537.0,,future_forecast,L_arrivals=4 (primary),20 modelled source markets only; NOT all-Malaysia total
BRN,Brunei,ASEAN,2026-07-01,2026,7,2,63094.0,,future_forecast,L_arrivals=4 (primary),20 modelled source markets only; NOT all-Malaysia total
BRN,Brunei,ASEAN,2026-08-01,2026,8,3,69131.0,,future_forecast,L_arrivals=4 (primary),20 modelled source markets only; NOT all-Malaysia total
BRN,Brunei,ASEAN,2026-09-01,2026,9,4,69450.0,,future_forecast,L_arrivals=4 (primary),20 modelled source markets only; NOT all-Malaysia total
CHN,China,Non-ASEAN,2026-06-01,2026,6,1,358309.0,,future_forecast,L_arrivals=4 (primary),20 modelled source markets only; NOT all-Malaysia total
CHN,China,Non-ASEAN,2026-07-01,2026,7,2,382719.0,,future_forecast,L_arrivals=4 (primary),20 modelled source markets only; NOT all-Malaysia total
CHN,China,Non-ASEAN,2026-08-01,2026,8,3,398864.0,,future_forecast,L_arrivals=4 (primary),20 modelled source markets only; NOT all-Malaysia total
CHN,China,Non-ASEAN,2026-09-01,2026,9,4,334994.0,,future_forecast,L_arrivals=4 (primary),20 modelled source markets only; NOT all-Malaysia total
DEU,Germany,Non-ASEAN,2026-06-01,2026,6,1,11619.0,,future_forecast,L_arrivals=4 (primary),20 modelled source markets only; NOT all-Malaysia total
DEU,Germany,Non-ASEAN,2026-07-01,2026,7,2,9831.0,,future_forecast,L_arrivals=4 (primary),20 modelled source markets only; NOT all-Malaysia total
DEU,Germany,Non-ASEAN,2026-08-01,2026,8,3,10952.0,,future_forecast,L_arrivals=4 (primary),20 modelled source markets only; NOT all-Malaysia total
DEU,Germany,Non-ASEAN,2026-09-01,2026,9,4,11482.0,,future_forecast,L_arrivals=4 (primary),20 modelled source markets only; NOT all-Malaysia total
FRA,France,Non-ASEAN,2026-06-01,2026,6,1,23345.0,,future_forecast,L_arrivals=4 (primary),20 modelled source markets only; NOT all-Malaysia total
FRA,France,Non-ASEAN,2026-07-01,2026,7,2,21081.0,,future_forecast,L_arrivals=4 (primary),20 modelled source markets only; NOT all-Malaysia total
FRA,France,Non-ASEAN,2026-08-01,2026,8,3,22289.0,,future_forecast,L_arrivals=4 (primary),20 modelled source markets only; NOT all-Malaysia total
FRA,France,Non-ASEAN,2026-09-01,2026,9,4,22869.0,,future_forecast,L_arrivals=4 (primary),20 modelled source markets only; NOT all-Malaysia total
GBR,United Kingdom,Non-ASEAN,2026-06-01,2026,6,1,25243.0,,future_forecast,L_arrivals=4 (primary),20 modelled source markets only; NOT all-Malaysia total
GBR,United Kingdom,Non-ASEAN,2026-07-01,2026,7,2,30140.0,,future_forecast,L_arrivals=4 (primary),20 modelled source markets only; NOT all-Malaysia total
GBR,United Kingdom,Non-ASEAN,2026-08-01,2026,8,3,31778.0,,future_forecast,L_arrivals=4 (primary),20 modelled source markets only; NOT all-Malaysia total
GBR,United Kingdom,Non-ASEAN,2026-09-01,2026,9,4,27216.0,,future_forecast,L_arrivals=4 (primary),20 modelled source markets only; NOT all-Malaysia total
IDN,Indonesia,ASEAN,2026-06-01,2026,6,1,312865.0,,future_forecast,L_arrivals=4 (primary),20 modelled source markets only; NOT all-Malaysia total
IDN,Indonesia,ASEAN,2026-07-01,2026,7,2,344638.0,,future_forecast,L_arrivals=4 (primary),20 modelled source markets only; NOT all-Malaysia total
IDN,Indonesia,ASEAN,2026-08-01,2026,8,3,307288.0,,future_forecast,L_arrivals=4 (primary),20 modelled source markets only; NOT all-Malaysia total
IDN,Indonesia,ASEAN,2026-09-01,2026,9,4,301829.0,,future_forecast,L_arrivals=4 (primary),20 modelled source markets only; NOT all-Malaysia total
IND,India,Non-ASEAN,2026-06-01,2026,6,1,108880.0,,future_forecast,L_arrivals=4 (primary),20 modelled source markets only; NOT all-Malaysia total
IND,India,Non-ASEAN,2026-07-01,2026,7,2,108272.0,,future_forecast,L_arrivals=4 (primary),20 modelled source markets only; NOT all-Malaysia total
IND,India,Non-ASEAN,2026-08-01,2026,8,3,116041.0,,future_forecast,L_arrivals=4 (primary),20 modelled source markets only; NOT all-Malaysia total
IND,India,Non-ASEAN,2026-09-01,2026,9,4,115620.0,,future_forecast,L_arrivals=4 (primary),20 modelled source markets only; NOT all-Malaysia total
JPN,Japan,Non-ASEAN,2026-06-01,2026,6,1,24643.0,,future_forecast,L_arrivals=4 (primary),20 modelled source markets only; NOT all-Malaysia total
JPN,Japan,Non-ASEAN,2026-07-01,2026,7,2,24905.0,,future_forecast,L_arrivals=4 (primary),20 modelled source markets only; NOT all-Malaysia total
JPN,Japan,Non-ASEAN,2026-08-01,2026,8,3,42771.0,,future_forecast,L_arrivals=4 (primary),20 modelled source markets only; NOT all-Malaysia total
JPN,Japan,Non-ASEAN,2026-09-01,2026,9,4,27846.0,,future_forecast,L_arrivals=4 (primary),20 modelled source markets only; NOT all-Malaysia total
KOR,South Korea,Non-ASEAN,2026-06-01,2026,6,1,30034.0,,future_forecast,L_arrivals=4 (primary),20 modelled source markets only; NOT all-Malaysia total
KOR,South Korea,Non-ASEAN,2026-07-01,2026,7,2,45052.0,,future_forecast,L_arrivals=4 (primary),20 modelled source markets only; NOT all-Malaysia total
KOR,South Korea,Non-ASEAN,2026-08-01,2026,8,3,41883.0,,future_forecast,L_arrivals=4 (primary),20 modelled source markets only; NOT all-Malaysia total
KOR,South Korea,Non-ASEAN,2026-09-01,2026,9,4,26613.0,,future_forecast,L_arrivals=4 (primary),20 modelled source markets only; NOT all-Malaysia total
MMR,Myanmar,ASEAN,2026-06-01,2026,6,1,20404.0,,future_forecast,L_arrivals=4 (primary),20 modelled source markets only; NOT all-Malaysia total
MMR,Myanmar,ASEAN,2026-07-01,2026,7,2,19966.0,,future_forecast,L_arrivals=4 (primary),20 modelled source markets only; NOT all-Malaysia total
MMR,Myanmar,ASEAN,2026-08-01,2026,8,3,20264.0,,future_forecast,L_arrivals=4 (primary),20 modelled source markets only; NOT all-Malaysia total
MMR,Myanmar,ASEAN,2026-09-01,2026,9,4,20546.0,,future_forecast,L_arrivals=4 (primary),20 modelled source markets only; NOT all-Malaysia total
NPL,Nepal,Non-ASEAN,2026-06-01,2026,6,1,3726.0,,future_forecast,L_arrivals=4 (primary),20 modelled source markets only; NOT all-Malaysia total
NPL,Nepal,Non-ASEAN,2026-07-01,2026,7,2,1270.0,,future_forecast,L_arrivals=4 (primary),20 modelled source markets only; NOT all-Malaysia total
NPL,Nepal,Non-ASEAN,2026-08-01,2026,8,3,1922.0,,future_forecast,L_arrivals=4 (primary),20 modelled source markets only; NOT all-Malaysia total
NPL,Nepal,Non-ASEAN,2026-09-01,2026,9,4,2849.0,,future_forecast,L_arrivals=4 (primary),20 modelled source markets only; NOT all-Malaysia total
PAK,Pakistan,Non-ASEAN,2026-06-01,2026,6,1,11750.0,,future_forecast,L_arrivals=4 (primary),20 modelled source markets only; NOT all-Malaysia total
PAK,Pakistan,Non-ASEAN,2026-07-01,2026,7,2,9207.0,,future_forecast,L_arrivals=4 (primary),20 modelled source markets only; NOT all-Malaysia total
PAK,Pakistan,Non-ASEAN,2026-08-01,2026,8,3,9847.0,,future_forecast,L_arrivals=4 (primary),20 modelled source markets only; NOT all-Malaysia total
PAK,Pakistan,Non-ASEAN,2026-09-01,2026,9,4,11688.0,,future_forecast,L_arrivals=4 (primary),20 modelled source markets only; NOT all-Malaysia total
PHL,Philippines,ASEAN,2026-06-01,2026,6,1,35516.0,,future_forecast,L_arrivals=4 (primary),20 modelled source markets only; NOT all-Malaysia total
PHL,Philippines,ASEAN,2026-07-01,2026,7,2,36055.0,,future_forecast,L_arrivals=4 (primary),20 modelled source markets only; NOT all-Malaysia total
PHL,Philippines,ASEAN,2026-08-01,2026,8,3,36811.0,,future_forecast,L_arrivals=4 (primary),20 modelled source markets only; NOT all-Malaysia total
PHL,Philippines,ASEAN,2026-09-01,2026,9,4,36692.0,,future_forecast,L_arrivals=4 (primary),20 modelled source markets only; NOT all-Malaysia total
SGP,Singapore,ASEAN,2026-06-01,2026,6,1,994700.0,,future_forecast,L_arrivals=4 (primary),20 modelled source markets only; NOT all-Malaysia total
SGP,Singapore,ASEAN,2026-07-01,2026,7,2,916132.0,,future_forecast,L_arrivals=4 (primary),20 modelled source markets only; NOT all-Malaysia total
SGP,Singapore,ASEAN,2026-08-01,2026,8,3,788309.0,,future_forecast,L_arrivals=4 (primary),20 modelled source markets only; NOT all-Malaysia total
SGP,Singapore,ASEAN,2026-09-01,2026,9,4,772076.0,,future_forecast,L_arrivals=4 (primary),20 modelled source markets only; NOT all-Malaysia total
THA,Thailand,ASEAN,2026-06-01,2026,6,1,134150.0,,future_forecast,L_arrivals=4 (primary),20 modelled source markets only; NOT all-Malaysia total
THA,Thailand,ASEAN,2026-07-01,2026,7,2,134745.0,,future_forecast,L_arrivals=4 (primary),20 modelled source markets only; NOT all-Malaysia total
THA,Thailand,ASEAN,2026-08-01,2026,8,3,151410.0,,future_forecast,L_arrivals=4 (primary),20 modelled source markets only; NOT all-Malaysia total
THA,Thailand,ASEAN,2026-09-01,2026,9,4,148934.0,,future_forecast,L_arrivals=4 (primary),20 modelled source markets only; NOT all-Malaysia total
TWN,Taiwan,Non-ASEAN,2026-06-01,2026,6,1,31834.0,,future_forecast,L_arrivals=4 (primary),20 modelled source markets only; NOT all-Malaysia total
TWN,Taiwan,Non-ASEAN,2026-07-01,2026,7,2,45184.0,,future_forecast,L_arrivals=4 (primary),20 modelled source markets only; NOT all-Malaysia total
TWN,Taiwan,Non-ASEAN,2026-08-01,2026,8,3,35814.0,,future_forecast,L_arrivals=4 (primary),20 modelled source markets only; NOT all-Malaysia total
TWN,Taiwan,Non-ASEAN,2026-09-01,2026,9,4,34786.0,,future_forecast,L_arrivals=4 (primary),20 modelled source markets only; NOT all-Malaysia total
USA,United States,Non-ASEAN,2026-06-01,2026,6,1,21800.0,,future_forecast,L_arrivals=4 (primary),20 modelled source markets only; NOT all-Malaysia total
USA,United States,Non-ASEAN,2026-07-01,2026,7,2,20441.0,,future_forecast,L_arrivals=4 (primary),20 modelled source markets only; NOT all-Malaysia total
USA,United States,Non-ASEAN,2026-08-01,2026,8,3,21057.0,,future_forecast,L_arrivals=4 (primary),20 modelled source markets only; NOT all-Malaysia total
USA,United States,Non-ASEAN,2026-09-01,2026,9,4,19936.0,,future_forecast,L_arrivals=4 (primary),20 modelled source markets only; NOT all-Malaysia total
VNM,Vietnam,ASEAN,2026-06-01,2026,6,1,25441.0,,future_forecast,L_arrivals=4 (primary),20 modelled source markets only; NOT all-Malaysia total
VNM,Vietnam,ASEAN,2026-07-01,2026,7,2,24003.0,,future_forecast,L_arrivals=4 (primary),20 modelled source markets only; NOT all-Malaysia total
VNM,Vietnam,ASEAN,2026-08-01,2026,8,3,23848.0,,future_forecast,L_arrivals=4 (primary),20 modelled source markets only; NOT all-Malaysia total
VNM,Vietnam,ASEAN,2026-09-01,2026,9,4,22047.0,,future_forecast,L_arrivals=4 (primary),20 modelled source markets only; NOT all-Malaysia total
